,ST,ST_conf
beta,0.0,0.0
d_I,0.0006314257350625719,1456145521.0378456
c,0.0,0.0
d_T,0.0,0.0
r,0.0,0.0
