,ST,ST_conf
p,0.1712978693309728,0.20450069891629108
c_V,1.2003873500241256,1.2453829053400898
r,0.2939767799235584,0.49466265324415704
d_T,0.7926463295304514,0.37814572348554204
