,ST,ST_conf
p,0.2067338436348001,0.07435747994523435
c_V,0.5581476237293138,0.15390801979532417
r,0.8867963462092344,0.14229910595660072
d_T,0.09008305061677213,0.028775105364552335
