,ST,ST_conf
p,0.6700547136050646,0.0033620980509776535
c_V,0.6126696581557566,0.0035181420966642002
r,0.13199310576949416,0.001726016024746143
d_T,0.2671683490325729,0.0024464309406935104
