,ST,ST_conf
p,0.6606464025181831,0.003951287682407258
c_V,0.399098136918499,0.0030982190268764526
r,0.23796706229039932,0.0024889979996295312
d_T,0.43541311085835277,0.002593344411123995
